{"count":1,"gauges":{},"self":3.4537348,"total":3.5133007999999997,"children":{"AgentSendState":{"count":153,"self":0.0028986999999999997,"total":0.0038745,"children":{"CollectObservations":{"count":16,"self":0.0009758,"total":0.0009758,"children":null},"CollectDiscreteActionMasks":{"count":16,"self":0,"total":0,"children":null}}},"DecideAction":{"count":153,"self":0.052759799999999996,"total":0.052759799999999996,"children":null},"AgentAct":{"count":153,"self":0.0019538999999999997,"total":0.0019538999999999997,"children":null}}}