{"count":1,"gauges":{},"self":6.8180527999999994,"total":6.8299892999999994,"children":{"AgentSendState":{"count":322,"self":0.0049588,"total":0.0069520999999999993,"children":{"CollectObservations":{"count":33,"self":0.0009961,"total":0.0009961,"children":null},"CollectDiscreteActionMasks":{"count":33,"self":0.0009972,"total":0.0009972,"children":null}}},"DecideAction":{"count":322,"self":0.00099669999999999989,"total":0.00099669999999999989,"children":null},"AgentAct":{"count":322,"self":0.0029909999999999997,"total":0.0029909999999999997,"children":null}}}